source_url,status_code,location,redirect_chain,final_url,final_status,canonical_url,robots_meta,x_robots_tag,sitemap_inclusion,internal_link_count,outgoing_internal_link_count,indexability,content_type,issue_classification,recommended_action
https://sashabd.com/,200,,,https://sashabd.com:4173/,200,https://sashabd.com/,"index, follow,index, follow, max-video-preview:-1, max-image-preview:large, max-snippet:-1",,true,866,231,indexable,text/html; charset=utf-8,,None
https://sashabd.com/led-display/rental-display/,200,,,https://sashabd.com:4173/led-display/rental-display/,200,https://sashabd.com/led-display/rental-display/,"index, follow,index, follow, max-video-preview:-1, max-image-preview:large, max-snippet:-1",,true,379,109,indexable,text/html; charset=utf-8,,None
https://sashabd.com/led-display/accessories/,200,,,https://sashabd.com:4173/led-display/accessories/,200,https://sashabd.com/led-display/accessories/,"index, follow,index, follow, max-video-preview:-1, max-image-preview:large, max-snippet:-1",,true,36,65,indexable,text/html; charset=utf-8,,None
https://sashabd.com/led-display/indoor-led-video-wall-bangladesh/,200,,,https://sashabd.com:4173/led-display/indoor-led-video-wall-bangladesh/,200,https://sashabd.com/led-display/indoor-led-video-wall-bangladesh/,"index, follow",,true,1,46,indexable,text/html; charset=utf-8,,None
https://sashabd.com/led-display/rent-guide/,200,,,https://sashabd.com:4173/led-display/rent-guide/,200,https://sashabd.com/led-display/rent-guide/,"index, follow",,true,1,63,indexable,text/html; charset=utf-8,,None
https://sashabd.com/led-display/indoor-led/,200,,,https://sashabd.com:4173/led-display/indoor-led/,200,https://sashabd.com/led-display/indoor-led/,"index, follow,index, follow, max-video-preview:-1, max-image-preview:large, max-snippet:-1",,true,242,75,indexable,text/html; charset=utf-8,,None
https://sashabd.com/led-display/outdoor/,200,,,https://sashabd.com:4173/led-display/outdoor/,200,https://sashabd.com/led-display/outdoor/,"index, follow,index, follow, max-video-preview:-1, max-image-preview:large, max-snippet:-1",,true,251,76,indexable,text/html; charset=utf-8,,None
https://sashabd.com/led-display/waterproof-outdoor-led-display/,200,,,https://sashabd.com:4173/led-display/waterproof-outdoor-led-display/,200,https://sashabd.com/led-display/waterproof-outdoor-led-display/,"index, follow,index, follow, max-video-preview:-1, max-image-preview:large, max-snippet:-1",,true,2,82,indexable,text/html; charset=utf-8,,None
https://sashabd.com/led-display/,200,,,https://sashabd.com:4173/led-display/,200,https://sashabd.com/led-display/,"index, follow,index, follow, max-video-preview:-1, max-image-preview:large, max-snippet:-1",,true,862,452,indexable,text/html; charset=utf-8,,None
https://sashabd.com/led-display/billboard-led-display/,200,,,https://sashabd.com:4173/led-display/billboard-led-display/,200,https://sashabd.com/led-display/billboard-led-display/,"index, follow,index, follow, max-video-preview:-1, max-image-preview:large, max-snippet:-1",,true,1,82,indexable,text/html; charset=utf-8,,None
https://sashabd.com/led-display/accessories/receiving-card/,200,,,https://sashabd.com:4173/led-display/accessories/receiving-card/,200,https://sashabd.com/led-display/accessories/receiving-card/,"index, follow,index, follow, max-video-preview:-1, max-image-preview:large, max-snippet:-1",,true,218,97,indexable,text/html; charset=utf-8,,None
https://sashabd.com/led-display/accessories/power-supply/,200,,,https://sashabd.com:4173/led-display/accessories/power-supply/,200,https://sashabd.com/led-display/accessories/power-supply/,"index, follow,index, follow, max-video-preview:-1, max-image-preview:large, max-snippet:-1",,true,194,69,indexable,text/html; charset=utf-8,,None
https://sashabd.com/led-display/accessories/led-accessories/,200,,,https://sashabd.com:4173/led-display/accessories/led-accessories/,200,https://sashabd.com/led-display/accessories/led-accessories/,"index, follow,index, follow, max-video-preview:-1, max-image-preview:large, max-snippet:-1",,true,197,119,indexable,text/html; charset=utf-8,,None
https://sashabd.com/interactive-flat-panel/,200,,,https://sashabd.com:4173/interactive-flat-panel/,200,https://sashabd.com/interactive-flat-panel/,"index, follow,index, follow, max-video-preview:-1, max-image-preview:large, max-snippet:-1",,true,318,197,indexable,text/html; charset=utf-8,,None
https://sashabd.com/pa-system/,200,,,https://sashabd.com:4173/pa-system/,200,https://sashabd.com/pa-system/,"index, follow,index, follow, max-video-preview:-1, max-image-preview:large, max-snippet:-1",,true,386,348,indexable,text/html; charset=utf-8,,None
https://sashabd.com/conference-system/,200,,,https://sashabd.com:4173/conference-system/,200,https://sashabd.com/conference-system/,"index, follow,index, follow, max-video-preview:-1, max-image-preview:large, max-snippet:-1",,true,210,168,indexable,text/html; charset=utf-8,,None
https://sashabd.com/turnstile-gate/,200,,,https://sashabd.com:4173/turnstile-gate/,200,https://sashabd.com/turnstile-gate/,"index, follow,index, follow, max-video-preview:-1, max-image-preview:large, max-snippet:-1",,true,259,154,indexable,text/html; charset=utf-8,,None
https://sashabd.com/digital-podium/,200,,,https://sashabd.com:4173/digital-podium/,200,https://sashabd.com/digital-podium/,"index, follow,index, follow, max-video-preview:-1, max-image-preview:large, max-snippet:-1",,true,212,107,indexable,text/html; charset=utf-8,,None
https://sashabd.com/services-support/,200,,,https://sashabd.com:4173/services-support/,200,https://sashabd.com/services-support/,"index, follow,index, follow, max-video-preview:-1, max-image-preview:large, max-snippet:-1",,true,514,50,indexable,text/html; charset=utf-8,,None
https://sashabd.com/led-display/accessories/controller/,200,,,https://sashabd.com:4173/led-display/accessories/controller/,200,https://sashabd.com/led-display/accessories/controller/,"index, follow,index, follow, max-video-preview:-1, max-image-preview:large, max-snippet:-1",,true,230,118,indexable,text/html; charset=utf-8,,None
https://sashabd.com/privacy/,200,,,https://sashabd.com:4173/privacy/,200,https://sashabd.com/privacy/,"index, follow,index, follow, max-video-preview:-1, max-image-preview:large, max-snippet:-1",,true,1,45,indexable,text/html; charset=utf-8,,None
https://sashabd.com/terms/,200,,,https://sashabd.com:4173/terms/,200,https://sashabd.com/terms/,"index, follow,index, follow, max-video-preview:-1, max-image-preview:large, max-snippet:-1",,true,2,45,indexable,text/html; charset=utf-8,,None
https://sashabd.com/contact/,200,,,https://sashabd.com:4173/contact/,200,https://sashabd.com/contact/,"index, follow,index, follow, max-video-preview:-1, max-image-preview:large, max-snippet:-1",,true,3048,45,indexable,text/html; charset=utf-8,,None
https://sashabd.com/about/message-from-founder/,200,,,https://sashabd.com:4173/about/message-from-founder/,200,https://sashabd.com/about/message-from-founder/,"index, follow,index, follow, max-video-preview:-1, max-image-preview:large, max-snippet:-1",,true,173,44,indexable,text/html; charset=utf-8,,None
https://sashabd.com/projects/,200,,,https://sashabd.com:4173/projects/,200,https://sashabd.com/projects/,"index, follow,index, follow, max-video-preview:-1, max-image-preview:large, max-snippet:-1",,true,464,52,indexable,text/html; charset=utf-8,,None
https://sashabd.com/blog/,200,,,https://sashabd.com:4173/blog/,200,https://sashabd.com/blog/,"index, follow,index, follow, max-video-preview:-1, max-image-preview:large, max-snippet:-1",,true,212,61,indexable,text/html; charset=utf-8,,None
https://sashabd.com/return-policy/,200,,,https://sashabd.com:4173/return-policy/,200,https://sashabd.com/return-policy/,"index, follow,index, follow, max-video-preview:-1, max-image-preview:large, max-snippet:-1",,true,173,45,indexable,text/html; charset=utf-8,,None
https://sashabd.com/about/,200,,,https://sashabd.com:4173/about/,200,https://sashabd.com/about/,"index, follow,index, follow, max-video-preview:-1, max-image-preview:large, max-snippet:-1",,true,693,44,indexable,text/html; charset=utf-8,,None
https://sashabd.com/led-display/indoor-led/p1-25-indoor-led-display/,200,,,https://sashabd.com:4173/led-display/indoor-led/p1-25-indoor-led-display/,200,https://sashabd.com/led-display/indoor-led/p1-25-indoor-led-display/,"index, follow",,true,20,76,indexable,text/html; charset=utf-8,,None
https://sashabd.com/led-display/indoor-led/p1-53-indoor-led-display/,200,,,https://sashabd.com:4173/led-display/indoor-led/p1-53-indoor-led-display/,200,https://sashabd.com/led-display/indoor-led/p1-53-indoor-led-display/,"index, follow",,true,30,76,indexable,text/html; charset=utf-8,,None
https://sashabd.com/led-display/indoor-led/p1-667-indoor-led-display/,200,,,https://sashabd.com:4173/led-display/indoor-led/p1-667-indoor-led-display/,200,https://sashabd.com/led-display/indoor-led/p1-667-indoor-led-display/,"index, follow",,true,36,76,indexable,text/html; charset=utf-8,,None
https://sashabd.com/led-display/indoor-led/p1-86-indoor-led-display/,200,,,https://sashabd.com:4173/led-display/indoor-led/p1-86-indoor-led-display/,200,https://sashabd.com/led-display/indoor-led/p1-86-indoor-led-display/,"index, follow",,true,28,76,indexable,text/html; charset=utf-8,,None
https://sashabd.com/led-display/indoor-led/p2-indoor-led-display/,200,,,https://sashabd.com:4173/led-display/indoor-led/p2-indoor-led-display/,200,https://sashabd.com/led-display/indoor-led/p2-indoor-led-display/,"index, follow",,true,38,76,indexable,text/html; charset=utf-8,,None
https://sashabd.com/led-display/indoor-led/p2-5-indoor-led-display/,200,,,https://sashabd.com:4173/led-display/indoor-led/p2-5-indoor-led-display/,200,https://sashabd.com/led-display/indoor-led/p2-5-indoor-led-display/,"index, follow",,true,33,76,indexable,text/html; charset=utf-8,,None
https://sashabd.com/led-display/indoor-led/p3-indoor-led-display/,200,,,https://sashabd.com:4173/led-display/indoor-led/p3-indoor-led-display/,200,https://sashabd.com/led-display/indoor-led/p3-indoor-led-display/,"index, follow",,true,23,76,indexable,text/html; charset=utf-8,,None
https://sashabd.com/led-display/indoor-led/p3-076-indoor-led-display/,200,,,https://sashabd.com:4173/led-display/indoor-led/p3-076-indoor-led-display/,200,https://sashabd.com/led-display/indoor-led/p3-076-indoor-led-display/,"index, follow",,true,23,76,indexable,text/html; charset=utf-8,,None
https://sashabd.com/led-display/indoor-led/p4-indoor-led-display-module/,200,,,https://sashabd.com:4173/led-display/indoor-led/p4-indoor-led-display-module/,200,https://sashabd.com/led-display/indoor-led/p4-indoor-led-display-module/,"index, follow",,true,23,76,indexable,text/html; charset=utf-8,,None
https://sashabd.com/led-display/outdoor/p2-5-outdoor-led-display-module/,200,,,https://sashabd.com:4173/led-display/outdoor/p2-5-outdoor-led-display-module/,200,https://sashabd.com/led-display/outdoor/p2-5-outdoor-led-display-module/,"index, follow",,true,29,76,indexable,text/html; charset=utf-8,,None
https://sashabd.com/led-display/outdoor/p3-outdoor-led-display-module/,200,,,https://sashabd.com:4173/led-display/outdoor/p3-outdoor-led-display-module/,200,https://sashabd.com/led-display/outdoor/p3-outdoor-led-display-module/,"index, follow",,true,39,76,indexable,text/html; charset=utf-8,,None
https://sashabd.com/led-display/outdoor/p4-outdoor-led-display/,200,,,https://sashabd.com:4173/led-display/outdoor/p4-outdoor-led-display/,200,https://sashabd.com/led-display/outdoor/p4-outdoor-led-display/,"index, follow",,true,32,76,indexable,text/html; charset=utf-8,,None
https://sashabd.com/led-display/outdoor/p3-076-outdoor-led-display-module/,200,,,https://sashabd.com:4173/led-display/outdoor/p3-076-outdoor-led-display-module/,200,https://sashabd.com/led-display/outdoor/p3-076-outdoor-led-display-module/,"index, follow",,true,30,76,indexable,text/html; charset=utf-8,,None
https://sashabd.com/led-display/outdoor/p5-outdoor-led-display/,200,,,https://sashabd.com:4173/led-display/outdoor/p5-outdoor-led-display/,200,https://sashabd.com/led-display/outdoor/p5-outdoor-led-display/,"index, follow",,true,32,76,indexable,text/html; charset=utf-8,,None
https://sashabd.com/led-display/outdoor/p6-outdoor-led-display/,200,,,https://sashabd.com:4173/led-display/outdoor/p6-outdoor-led-display/,200,https://sashabd.com/led-display/outdoor/p6-outdoor-led-display/,"index, follow",,true,42,76,indexable,text/html; charset=utf-8,,None
https://sashabd.com/led-display/outdoor/premium-quality-outdoor-led-display/,200,,,https://sashabd.com:4173/led-display/outdoor/premium-quality-outdoor-led-display/,200,https://sashabd.com/led-display/outdoor/premium-quality-outdoor-led-display/,"index, follow",,true,29,76,indexable,text/html; charset=utf-8,,None
https://sashabd.com/led-display/outdoor/p8-outdoor-led-display-module/,200,,,https://sashabd.com:4173/led-display/outdoor/p8-outdoor-led-display-module/,200,https://sashabd.com/led-display/outdoor/p8-outdoor-led-display-module/,"index, follow",,true,20,76,indexable,text/html; charset=utf-8,,None
https://sashabd.com/led-display/outdoor/p6-67-outdoor-led-display-module-320x160mm/,200,,,https://sashabd.com:4173/led-display/outdoor/p6-67-outdoor-led-display-module-320x160mm/,200,https://sashabd.com/led-display/outdoor/p6-67-outdoor-led-display-module-320x160mm/,"index, follow",,true,42,76,indexable,text/html; charset=utf-8,,None
https://sashabd.com/led-display/rental-display/p2-6-rental-led-display/,200,,,https://sashabd.com:4173/led-display/rental-display/p2-6-rental-led-display/,200,https://sashabd.com/led-display/rental-display/p2-6-rental-led-display/,"index, follow",,true,33,76,indexable,text/html; charset=utf-8,,None
https://sashabd.com/led-display/outdoor/p10-outdoor-led-display-module/,200,,,https://sashabd.com:4173/led-display/outdoor/p10-outdoor-led-display-module/,200,https://sashabd.com/led-display/outdoor/p10-outdoor-led-display-module/,"index, follow",,true,18,76,indexable,text/html; charset=utf-8,,None
https://sashabd.com/led-display/rental-display/p4-81-rental-led-display/,200,,,https://sashabd.com:4173/led-display/rental-display/p4-81-rental-led-display/,200,https://sashabd.com/led-display/rental-display/p4-81-rental-led-display/,"index, follow",,true,30,76,indexable,text/html; charset=utf-8,,None
https://sashabd.com/led-display/rental-display/p3-91-rental-led-display/,200,,,https://sashabd.com:4173/led-display/rental-display/p3-91-rental-led-display/,200,https://sashabd.com/led-display/rental-display/p3-91-rental-led-display/,"index, follow",,true,33,76,indexable,text/html; charset=utf-8,,None
https://sashabd.com/led-display/accessories/receiving-card/r-712/,200,,,https://sashabd.com:4173/led-display/accessories/receiving-card/r-712/,200,https://sashabd.com/led-display/accessories/receiving-card/r-712/,"index, follow",,true,30,71,indexable,text/html; charset=utf-8,,None
https://sashabd.com/led-display/accessories/receiving-card/hd-r716/,200,,,https://sashabd.com:4173/led-display/accessories/receiving-card/hd-r716/,200,https://sashabd.com/led-display/accessories/receiving-card/hd-r716/,"index, follow",,true,30,71,indexable,text/html; charset=utf-8,,None
https://sashabd.com/led-display/accessories/receiving-card/r-732/,200,,,https://sashabd.com:4173/led-display/accessories/receiving-card/r-732/,200,https://sashabd.com/led-display/accessories/receiving-card/r-732/,"index, follow",,true,30,71,indexable,text/html; charset=utf-8,,None
https://sashabd.com/led-display/rental-display/p3-rental-led-display/,200,,,https://sashabd.com:4173/led-display/rental-display/p3-rental-led-display/,200,https://sashabd.com/led-display/rental-display/p3-rental-led-display/,"index, follow",,true,33,76,indexable,text/html; charset=utf-8,,None
https://sashabd.com/led-display/accessories/receiving-card/novastar-mrv336-receiving-card/,200,,,https://sashabd.com:4173/led-display/accessories/receiving-card/novastar-mrv336-receiving-card/,200,https://sashabd.com/led-display/accessories/receiving-card/novastar-mrv336-receiving-card/,"index, follow",,true,10,71,indexable,text/html; charset=utf-8,,None
https://sashabd.com/led-display/accessories/receiving-card/hd-r516/,200,,,https://sashabd.com:4173/led-display/accessories/receiving-card/hd-r516/,200,https://sashabd.com/led-display/accessories/receiving-card/hd-r516/,"index, follow",,true,22,71,indexable,text/html; charset=utf-8,,None
https://sashabd.com/led-display/accessories/receiving-card/colorlight-5a-75e-receiving-card/,200,,,https://sashabd.com:4173/led-display/accessories/receiving-card/colorlight-5a-75e-receiving-card/,200,https://sashabd.com/led-display/accessories/receiving-card/colorlight-5a-75e-receiving-card/,"index, follow",,true,10,71,indexable,text/html; charset=utf-8,,None
https://sashabd.com/led-display/accessories/controller/huidu-hd-a3l/,200,,,https://sashabd.com:4173/led-display/accessories/controller/huidu-hd-a3l/,200,https://sashabd.com/led-display/accessories/controller/huidu-hd-a3l/,"index, follow",,true,18,71,indexable,text/html; charset=utf-8,,None
https://sashabd.com/led-display/accessories/controller/huidu-hd-a5l/,200,,,https://sashabd.com:4173/led-display/accessories/controller/huidu-hd-a5l/,200,https://sashabd.com/led-display/accessories/controller/huidu-hd-a5l/,"index, follow",,true,18,71,indexable,text/html; charset=utf-8,,None
https://sashabd.com/led-display/accessories/controller/huidu-hd-a6l/,200,,,https://sashabd.com:4173/led-display/accessories/controller/huidu-hd-a6l/,200,https://sashabd.com/led-display/accessories/controller/huidu-hd-a6l/,"index, follow",,true,18,71,indexable,text/html; charset=utf-8,,None
https://sashabd.com/led-display/accessories/controller/huidu-vp410/,200,,,https://sashabd.com:4173/led-display/accessories/controller/huidu-vp410/,200,https://sashabd.com/led-display/accessories/controller/huidu-vp410/,"index, follow",,true,22,71,indexable,text/html; charset=utf-8,,None
https://sashabd.com/led-display/accessories/controller/huidu-vp620/,200,,,https://sashabd.com:4173/led-display/accessories/controller/huidu-vp620/,200,https://sashabd.com/led-display/accessories/controller/huidu-vp620/,"index, follow",,true,27,71,indexable,text/html; charset=utf-8,,None
https://sashabd.com/led-display/accessories/controller/huidu-vp820/,200,,,https://sashabd.com:4173/led-display/accessories/controller/huidu-vp820/,200,https://sashabd.com/led-display/accessories/controller/huidu-vp820/,"index, follow",,true,27,71,indexable,text/html; charset=utf-8,,None
https://sashabd.com/led-display/accessories/controller/huidu-vp210h/,200,,,https://sashabd.com:4173/led-display/accessories/controller/huidu-vp210h/,200,https://sashabd.com/led-display/accessories/controller/huidu-vp210h/,"index, follow",,true,27,71,indexable,text/html; charset=utf-8,,None
https://sashabd.com/led-display/accessories/controller/huidu-hd-vp1620-led-video-processor/,200,,,https://sashabd.com:4173/led-display/accessories/controller/huidu-hd-vp1620-led-video-processor/,200,https://sashabd.com/led-display/accessories/controller/huidu-hd-vp1620-led-video-processor/,"index, follow",,true,22,71,indexable,text/html; charset=utf-8,,None
https://sashabd.com/led-display/accessories/controller/huidu-hd-vp1220-led-video-processor/,200,,,https://sashabd.com:4173/led-display/accessories/controller/huidu-hd-vp1220-led-video-processor/,200,https://sashabd.com/led-display/accessories/controller/huidu-hd-vp1220-led-video-processor/,"index, follow",,true,22,71,indexable,text/html; charset=utf-8,,None
https://sashabd.com/led-display/accessories/power-supply/5v-20a-smps/,200,,,https://sashabd.com:4173/led-display/accessories/power-supply/5v-20a-smps/,200,https://sashabd.com/led-display/accessories/power-supply/5v-20a-smps/,"index, follow",,true,18,66,indexable,text/html; charset=utf-8,,None
https://sashabd.com/led-display/accessories/power-supply/g-energy-5v-30a/,200,,,https://sashabd.com:4173/led-display/accessories/power-supply/g-energy-5v-30a/,200,https://sashabd.com/led-display/accessories/power-supply/g-energy-5v-30a/,"index, follow",,true,18,66,indexable,text/html; charset=utf-8,,None
https://sashabd.com/led-display/accessories/led-accessories/magnet-led-module-fixing/,200,,,https://sashabd.com:4173/led-display/accessories/led-accessories/magnet-led-module-fixing/,200,https://sashabd.com/led-display/accessories/led-accessories/magnet-led-module-fixing/,"index, follow",,true,14,58,indexable,text/html; charset=utf-8,,None
https://sashabd.com/led-display/accessories/power-supply/g-energy-5v-40a-200w/,200,,,https://sashabd.com:4173/led-display/accessories/power-supply/g-energy-5v-40a-200w/,200,https://sashabd.com/led-display/accessories/power-supply/g-energy-5v-40a-200w/,"index, follow",,true,18,66,indexable,text/html; charset=utf-8,,None
https://sashabd.com/led-display/accessories/led-accessories/led-display-power-connector-cable/,200,,,https://sashabd.com:4173/led-display/accessories/led-accessories/led-display-power-connector-cable/,200,https://sashabd.com/led-display/accessories/led-accessories/led-display-power-connector-cable/,"index, follow",,true,12,58,indexable,text/html; charset=utf-8,,None
https://sashabd.com/led-display/accessories/led-accessories/26-pin-frc-ribbon-cable-idc/,200,,,https://sashabd.com:4173/led-display/accessories/led-accessories/26-pin-frc-ribbon-cable-idc/,200,https://sashabd.com/led-display/accessories/led-accessories/26-pin-frc-ribbon-cable-idc/,"index, follow",,true,16,58,indexable,text/html; charset=utf-8,,None
https://sashabd.com/led-display/accessories/led-accessories/26-pin-idc-female-connector/,200,,,https://sashabd.com:4173/led-display/accessories/led-accessories/26-pin-idc-female-connector/,200,https://sashabd.com/led-display/accessories/led-accessories/26-pin-idc-female-connector/,"index, follow",,true,22,58,indexable,text/html; charset=utf-8,,None
https://sashabd.com/led-display/accessories/led-accessories/16-pin-frc-ribbon-cable-idc/,200,,,https://sashabd.com:4173/led-display/accessories/led-accessories/16-pin-frc-ribbon-cable-idc/,200,https://sashabd.com/led-display/accessories/led-accessories/16-pin-frc-ribbon-cable-idc/,"index, follow",,true,24,58,indexable,text/html; charset=utf-8,,None
https://sashabd.com/led-display/accessories/led-accessories/16-pin-idc-female-connector/,200,,,https://sashabd.com:4173/led-display/accessories/led-accessories/16-pin-idc-female-connector/,200,https://sashabd.com/led-display/accessories/led-accessories/16-pin-idc-female-connector/,"index, follow",,true,20,58,indexable,text/html; charset=utf-8,,None
https://sashabd.com/led-display/accessories/led-accessories/structure-mounting-accessories/,200,,,https://sashabd.com:4173/led-display/accessories/led-accessories/structure-mounting-accessories/,200,https://sashabd.com/led-display/accessories/led-accessories/structure-mounting-accessories/,"index, follow",,true,10,58,indexable,text/html; charset=utf-8,,None
https://sashabd.com/led-display/accessories/led-accessories/heavy-duty-flight-case/,200,,,https://sashabd.com:4173/led-display/accessories/led-accessories/heavy-duty-flight-case/,200,https://sashabd.com/led-display/accessories/led-accessories/heavy-duty-flight-case/,"index, follow",,true,18,58,indexable,text/html; charset=utf-8,,None
https://sashabd.com/pa-system/analog-100v-line-pa-system-school-office/,200,,,https://sashabd.com:4173/pa-system/analog-100v-line-pa-system-school-office/,200,https://sashabd.com/pa-system/analog-100v-line-pa-system-school-office/,"index, follow",,true,70,71,indexable,text/html; charset=utf-8,,None
https://sashabd.com/pa-system/compact-portable-pa-system-100w-2-wireless-mic/,200,,,https://sashabd.com:4173/pa-system/compact-portable-pa-system-100w-2-wireless-mic/,200,https://sashabd.com/pa-system/compact-portable-pa-system-100w-2-wireless-mic/,"index, follow",,true,54,71,indexable,text/html; charset=utf-8,,None
https://sashabd.com/led-display/accessories/led-accessories/power-distribution-box-63a/,200,,,https://sashabd.com:4173/led-display/accessories/led-accessories/power-distribution-box-63a/,200,https://sashabd.com/led-display/accessories/led-accessories/power-distribution-box-63a/,"index, follow",,true,20,58,indexable,text/html; charset=utf-8,,None
https://sashabd.com/pa-system/toa-wa-z110sd-70w-portable-speaker-amplifier/,200,,,https://sashabd.com:4173/pa-system/toa-wa-z110sd-70w-portable-speaker-amplifier/,200,https://sashabd.com/pa-system/toa-wa-z110sd-70w-portable-speaker-amplifier/,"index, follow",,true,49,71,indexable,text/html; charset=utf-8,,None
https://sashabd.com/pa-system/compact-classroom-pa-system-teacher-voice-support/,200,,,https://sashabd.com:4173/pa-system/compact-classroom-pa-system-teacher-voice-support/,200,https://sashabd.com/pa-system/compact-classroom-pa-system-teacher-voice-support/,"index, follow",,true,12,71,indexable,text/html; charset=utf-8,,None
https://sashabd.com/pa-system/conference-discussion-system-chairman-delegate-set/,200,,,https://sashabd.com:4173/pa-system/conference-discussion-system-chairman-delegate-set/,200,https://sashabd.com/pa-system/conference-discussion-system-chairman-delegate-set/,"index, follow",,true,20,71,indexable,text/html; charset=utf-8,,None
https://sashabd.com/pa-system/bosch-ccs-900-ultra-conference-system-unit/,200,,,https://sashabd.com:4173/pa-system/bosch-ccs-900-ultra-conference-system-unit/,200,https://sashabd.com/pa-system/bosch-ccs-900-ultra-conference-system-unit/,"index, follow",,true,37,71,indexable,text/html; charset=utf-8,,None
https://sashabd.com/pa-system/bosch-ccs-cu-conference-control-power-unit/,200,,,https://sashabd.com:4173/pa-system/bosch-ccs-cu-conference-control-power-unit/,200,https://sashabd.com/pa-system/bosch-ccs-cu-conference-control-power-unit/,"index, follow",,true,25,71,indexable,text/html; charset=utf-8,,None
https://sashabd.com/pa-system/ahuja-cmd-7200-delegate-unit-microphone/,200,,,https://sashabd.com:4173/pa-system/ahuja-cmd-7200-delegate-unit-microphone/,200,https://sashabd.com/pa-system/ahuja-cmd-7200-delegate-unit-microphone/,"index, follow",,true,21,71,indexable,text/html; charset=utf-8,,None
https://sashabd.com/pa-system/ahuja-cma-5400-50w-central-mixer-amplifier/,200,,,https://sashabd.com:4173/pa-system/ahuja-cma-5400-50w-central-mixer-amplifier/,200,https://sashabd.com/pa-system/ahuja-cma-5400-50w-central-mixer-amplifier/,"index, follow",,true,33,71,indexable,text/html; charset=utf-8,,None
https://sashabd.com/pa-system/ahuja-cma-7400-50w-digital-conference-amplifier/,200,,,https://sashabd.com:4173/pa-system/ahuja-cma-7400-50w-digital-conference-amplifier/,200,https://sashabd.com/pa-system/ahuja-cma-7400-50w-digital-conference-amplifier/,"index, follow",,true,21,71,indexable,text/html; charset=utf-8,,None
https://sashabd.com/pa-system/wireless-conference-microphone-system/,200,,,https://sashabd.com:4173/pa-system/wireless-conference-microphone-system/,200,https://sashabd.com/pa-system/wireless-conference-microphone-system/,"index, follow",,true,20,71,indexable,text/html; charset=utf-8,,None
https://sashabd.com/pa-system/dante-network-audio-system-core-io-interface/,200,,,https://sashabd.com:4173/pa-system/dante-network-audio-system-core-io-interface/,200,https://sashabd.com/pa-system/dante-network-audio-system-core-io-interface/,"index, follow",,true,12,71,indexable,text/html; charset=utf-8,,None
https://sashabd.com/pa-system/dante-network-audio-power-amplifier-endpoint/,200,,,https://sashabd.com:4173/pa-system/dante-network-audio-power-amplifier-endpoint/,200,https://sashabd.com/pa-system/dante-network-audio-power-amplifier-endpoint/,"index, follow",,true,16,71,indexable,text/html; charset=utf-8,,None
https://sashabd.com/pa-system/digital-control-pa-system-audio-matrix-dsp/,200,,,https://sashabd.com:4173/pa-system/digital-control-pa-system-audio-matrix-dsp/,200,https://sashabd.com/pa-system/digital-control-pa-system-audio-matrix-dsp/,"index, follow",,true,8,71,indexable,text/html; charset=utf-8,,None
https://sashabd.com/pa-system/ip-network-audio-paging-system/,200,,,https://sashabd.com:4173/pa-system/ip-network-audio-paging-system/,200,https://sashabd.com/pa-system/ip-network-audio-paging-system/,"index, follow",,true,16,71,indexable,text/html; charset=utf-8,,None
https://sashabd.com/pa-system/ip-network-wall-speaker-poe-lan/,200,,,https://sashabd.com:4173/pa-system/ip-network-wall-speaker-poe-lan/,200,https://sashabd.com/pa-system/ip-network-wall-speaker-poe-lan/,"index, follow",,true,12,71,indexable,text/html; charset=utf-8,,None
https://sashabd.com/pa-system/wired-gooseneck-paging-microphone/,200,,,https://sashabd.com:4173/pa-system/wired-gooseneck-paging-microphone/,200,https://sashabd.com/pa-system/wired-gooseneck-paging-microphone/,"index, follow",,true,12,71,indexable,text/html; charset=utf-8,,None
https://sashabd.com/pa-system/uhf-wireless-handheld-microphone-set-dual-channel/,200,,,https://sashabd.com:4173/pa-system/uhf-wireless-handheld-microphone-set-dual-channel/,200,https://sashabd.com/pa-system/uhf-wireless-handheld-microphone-set-dual-channel/,"index, follow",,true,16,71,indexable,text/html; charset=utf-8,,None
https://sashabd.com/pa-system/toa-wt-5810-wm-5225-uhf-wireless-microphone/,200,,,https://sashabd.com:4173/pa-system/toa-wt-5810-wm-5225-uhf-wireless-microphone/,200,https://sashabd.com/pa-system/toa-wt-5810-wm-5225-uhf-wireless-microphone/,"index, follow",,true,25,71,indexable,text/html; charset=utf-8,,None
https://sashabd.com/pa-system/30w-wall-mount-speaker-100v-line/,200,,,https://sashabd.com:4173/pa-system/30w-wall-mount-speaker-100v-line/,200,https://sashabd.com/pa-system/30w-wall-mount-speaker-100v-line/,"index, follow",,true,20,71,indexable,text/html; charset=utf-8,,None
https://sashabd.com/pa-system/wireless-lapel-headset-microphone-set/,200,,,https://sashabd.com:4173/pa-system/wireless-lapel-headset-microphone-set/,200,https://sashabd.com/pa-system/wireless-lapel-headset-microphone-set/,"index, follow",,true,17,71,indexable,text/html; charset=utf-8,,None
https://sashabd.com/pa-system/bosch-lb2-uc30-30w-cabinet-loudspeaker/,200,,,https://sashabd.com:4173/pa-system/bosch-lb2-uc30-30w-cabinet-loudspeaker/,200,https://sashabd.com/pa-system/bosch-lb2-uc30-30w-cabinet-loudspeaker/,"index, follow",,true,21,71,indexable,text/html; charset=utf-8,,None
https://sashabd.com/pa-system/6w-ceiling-speaker-bgm-paging/,200,,,https://sashabd.com:4173/pa-system/6w-ceiling-speaker-bgm-paging/,200,https://sashabd.com/pa-system/6w-ceiling-speaker-bgm-paging/,"index, follow",,true,13,71,indexable,text/html; charset=utf-8,,None
https://sashabd.com/pa-system/bosch-lc9-uc06-6w-ceiling-speaker-metal-grill/,200,,,https://sashabd.com:4173/pa-system/bosch-lc9-uc06-6w-ceiling-speaker-metal-grill/,200,https://sashabd.com/pa-system/bosch-lc9-uc06-6w-ceiling-speaker-metal-grill/,"index, follow",,true,11,71,indexable,text/html; charset=utf-8,,None
https://sashabd.com/pa-system/bosch-lc2-pc30g6-8-30w-ceiling-loudspeaker/,200,,,https://sashabd.com:4173/pa-system/bosch-lc2-pc30g6-8-30w-ceiling-loudspeaker/,200,https://sashabd.com/pa-system/bosch-lc2-pc30g6-8-30w-ceiling-loudspeaker/,"index, follow",,true,17,71,indexable,text/html; charset=utf-8,,None
https://sashabd.com/pa-system/60w-column-speaker-mosque-hall/,200,,,https://sashabd.com:4173/pa-system/60w-column-speaker-mosque-hall/,200,https://sashabd.com/pa-system/60w-column-speaker-mosque-hall/,"index, follow",,true,9,71,indexable,text/html; charset=utf-8,,None
https://sashabd.com/pa-system/toa-tz-105-10w-column-speaker/,200,,,https://sashabd.com:4173/pa-system/toa-tz-105-10w-column-speaker/,200,https://sashabd.com/pa-system/toa-tz-105-10w-column-speaker/,"index, follow",,true,17,71,indexable,text/html; charset=utf-8,,None
https://sashabd.com/pa-system/50w-outdoor-horn-speaker-siren-announcement/,200,,,https://sashabd.com:4173/pa-system/50w-outdoor-horn-speaker-siren-announcement/,200,https://sashabd.com/pa-system/50w-outdoor-horn-speaker-siren-announcement/,"index, follow",,true,9,71,indexable,text/html; charset=utf-8,,None
https://sashabd.com/pa-system/240w-mixer-amplifier-100v-line-pa/,200,,,https://sashabd.com:4173/pa-system/240w-mixer-amplifier-100v-line-pa/,200,https://sashabd.com/pa-system/240w-mixer-amplifier-100v-line-pa/,"index, follow",,true,24,71,indexable,text/html; charset=utf-8,,None
https://sashabd.com/pa-system/bosch-ple-4ma240-240w-4-zone-mixer-amplifier/,200,,,https://sashabd.com:4173/pa-system/bosch-ple-4ma240-240w-4-zone-mixer-amplifier/,200,https://sashabd.com/pa-system/bosch-ple-4ma240-240w-4-zone-mixer-amplifier/,"index, follow",,true,8,71,indexable,text/html; charset=utf-8,,None
https://sashabd.com/pa-system/ahuja-promix-1442r-14-channel-stereo-mixer/,200,,,https://sashabd.com:4173/pa-system/ahuja-promix-1442r-14-channel-stereo-mixer/,200,https://sashabd.com/pa-system/ahuja-promix-1442r-14-channel-stereo-mixer/,"index, follow",,true,16,71,indexable,text/html; charset=utf-8,,None
https://sashabd.com/pa-system/2-channel-power-amplifier-2x500w/,200,,,https://sashabd.com:4173/pa-system/2-channel-power-amplifier-2x500w/,200,https://sashabd.com/pa-system/2-channel-power-amplifier-2x500w/,"index, follow",,true,8,71,indexable,text/html; charset=utf-8,,None
https://sashabd.com/pa-system/multi-zone-mixer-amplifier-with-paging/,200,,,https://sashabd.com:4173/pa-system/multi-zone-mixer-amplifier-with-paging/,200,https://sashabd.com/pa-system/multi-zone-mixer-amplifier-with-paging/,"index, follow",,true,16,71,indexable,text/html; charset=utf-8,,None
https://sashabd.com/pa-system/school-mosque-pa-rack-package-mixer-amp-paging-mic/,200,,,https://sashabd.com:4173/pa-system/school-mosque-pa-rack-package-mixer-amp-paging-mic/,200,https://sashabd.com/pa-system/school-mosque-pa-rack-package-mixer-amp-paging-mic/,"index, follow",,true,8,71,indexable,text/html; charset=utf-8,,None
https://sashabd.com/conference-system/gen-5301p13-conference-microphone-unit/,200,,,https://sashabd.com:4173/conference-system/gen-5301p13-conference-microphone-unit/,200,https://sashabd.com/conference-system/gen-5301p13-conference-microphone-unit/,"index, follow",,true,18,50,indexable,text/html; charset=utf-8,,None
https://sashabd.com/conference-system/nac-720w-wireless-conference-system/,200,,,https://sashabd.com:4173/conference-system/nac-720w-wireless-conference-system/,200,https://sashabd.com/conference-system/nac-720w-wireless-conference-system/,"index, follow",,true,18,50,indexable,text/html; charset=utf-8,,None
https://sashabd.com/conference-system/spon-gen-5301p26-network-integrated-amplifier/,200,,,https://sashabd.com:4173/conference-system/spon-gen-5301p26-network-integrated-amplifier/,200,https://sashabd.com/conference-system/spon-gen-5301p26-network-integrated-amplifier/,"index, follow",,true,18,50,indexable,text/html; charset=utf-8,,None
https://sashabd.com/conference-system/spon-lcm-6010-digital-conference-system-central-unit/,200,,,https://sashabd.com:4173/conference-system/spon-lcm-6010-digital-conference-system-central-unit/,200,https://sashabd.com/conference-system/spon-lcm-6010-digital-conference-system-central-unit/,"index, follow",,true,7,50,indexable,text/html; charset=utf-8,,None
https://sashabd.com/conference-system/spon-sap-f88e-8x8-digital-audio-processor-dsp/,200,,,https://sashabd.com:4173/conference-system/spon-sap-f88e-8x8-digital-audio-processor-dsp/,200,https://sashabd.com/conference-system/spon-sap-f88e-8x8-digital-audio-processor-dsp/,"index, follow",,true,10,50,indexable,text/html; charset=utf-8,,None
https://sashabd.com/conference-system/spon-lcm-6015p-12-port-wireless-microphone-charger/,200,,,https://sashabd.com:4173/conference-system/spon-lcm-6015p-12-port-wireless-microphone-charger/,200,https://sashabd.com/conference-system/spon-lcm-6015p-12-port-wireless-microphone-charger/,"index, follow",,true,7,50,indexable,text/html; charset=utf-8,,None
https://sashabd.com/conference-system/spon-lcm-6013cv-l-digital-conference-chairman-unit/,200,,,https://sashabd.com:4173/conference-system/spon-lcm-6013cv-l-digital-conference-chairman-unit/,200,https://sashabd.com/conference-system/spon-lcm-6013cv-l-digital-conference-chairman-unit/,"index, follow",,true,7,50,indexable,text/html; charset=utf-8,,None
https://sashabd.com/conference-system/spon-lcs-5252d-wireless-conference-delegate-unit/,200,,,https://sashabd.com:4173/conference-system/spon-lcs-5252d-wireless-conference-delegate-unit/,200,https://sashabd.com/conference-system/spon-lcs-5252d-wireless-conference-delegate-unit/,"index, follow",,true,6,50,indexable,text/html; charset=utf-8,,None
https://sashabd.com/conference-system/spon-lcm-6013dv-l-digital-conference-delegate-unit/,200,,,https://sashabd.com:4173/conference-system/spon-lcm-6013dv-l-digital-conference-delegate-unit/,200,https://sashabd.com/conference-system/spon-lcm-6013dv-l-digital-conference-delegate-unit/,"index, follow",,true,7,50,indexable,text/html; charset=utf-8,,None
https://sashabd.com/turnstile-gate/tripod-turnstile-gate-access-control-system/,200,,,https://sashabd.com:4173/turnstile-gate/tripod-turnstile-gate-access-control-system/,200,https://sashabd.com/turnstile-gate/tripod-turnstile-gate-access-control-system/,"index, follow",,true,53,72,indexable,text/html; charset=utf-8,,None
https://sashabd.com/conference-system/spon-lcs-5251cd-digital-conference-microphone-system/,200,,,https://sashabd.com:4173/conference-system/spon-lcs-5251cd-digital-conference-microphone-system/,200,https://sashabd.com/conference-system/spon-lcs-5251cd-digital-conference-microphone-system/,"index, follow",,true,6,50,indexable,text/html; charset=utf-8,,None
https://sashabd.com/conference-system/spon-lcs-5301z-wireless-digital-conference-access-point/,200,,,https://sashabd.com:4173/conference-system/spon-lcs-5301z-wireless-digital-conference-access-point/,200,https://sashabd.com/conference-system/spon-lcs-5301z-wireless-digital-conference-access-point/,"index, follow",,true,6,50,indexable,text/html; charset=utf-8,,None
https://sashabd.com/conference-system/huidu-hd-vp950-conference-video-processor/,200,,,https://sashabd.com:4173/conference-system/huidu-hd-vp950-conference-video-processor/,200,https://sashabd.com/conference-system/huidu-hd-vp950-conference-video-processor/,"index, follow",,true,6,50,indexable,text/html; charset=utf-8,,None
https://sashabd.com/turnstile-gate/flap-barrier-access-control-gate/,200,,,https://sashabd.com:4173/turnstile-gate/flap-barrier-access-control-gate/,200,https://sashabd.com/turnstile-gate/flap-barrier-access-control-gate/,"index, follow",,true,37,72,indexable,text/html; charset=utf-8,,None
https://sashabd.com/turnstile-gate/swing-barrier-speed-gate-turnstile/,200,,,https://sashabd.com:4173/turnstile-gate/swing-barrier-speed-gate-turnstile/,200,https://sashabd.com/turnstile-gate/swing-barrier-speed-gate-turnstile/,"index, follow",,true,23,72,indexable,text/html; charset=utf-8,,None
https://sashabd.com/turnstile-gate/ai-face-recognition-turnstile-gate/,200,,,https://sashabd.com:4173/turnstile-gate/ai-face-recognition-turnstile-gate/,200,https://sashabd.com/turnstile-gate/ai-face-recognition-turnstile-gate/,"index, follow",,true,7,72,indexable,text/html; charset=utf-8,,None
https://sashabd.com/turnstile-gate/waist-high-turnstile-gate-single-double-lane/,200,,,https://sashabd.com:4173/turnstile-gate/waist-high-turnstile-gate-single-double-lane/,200,https://sashabd.com/turnstile-gate/waist-high-turnstile-gate-single-double-lane/,"index, follow",,true,11,72,indexable,text/html; charset=utf-8,,None
https://sashabd.com/turnstile-gate/ds312-flap-turnstile-gate/,200,,,https://sashabd.com:4173/turnstile-gate/ds312-flap-turnstile-gate/,200,https://sashabd.com/turnstile-gate/ds312-flap-turnstile-gate/,"index, follow",,true,19,72,indexable,text/html; charset=utf-8,,None
https://sashabd.com/turnstile-gate/daosafe-ds112-tripod-turnstile/,200,,,https://sashabd.com:4173/turnstile-gate/daosafe-ds112-tripod-turnstile/,200,https://sashabd.com/turnstile-gate/daosafe-ds112-tripod-turnstile/,"index, follow",,true,15,72,indexable,text/html; charset=utf-8,,None
https://sashabd.com/turnstile-gate/ds212-swing-turnstile-gate/,200,,,https://sashabd.com:4173/turnstile-gate/ds212-swing-turnstile-gate/,200,https://sashabd.com/turnstile-gate/ds212-swing-turnstile-gate/,"index, follow",,true,14,72,indexable,text/html; charset=utf-8,,None
https://sashabd.com/turnstile-gate/ds2000-speed-gate-turnstile/,200,,,https://sashabd.com:4173/turnstile-gate/ds2000-speed-gate-turnstile/,200,https://sashabd.com/turnstile-gate/ds2000-speed-gate-turnstile/,"index, follow",,true,14,72,indexable,text/html; charset=utf-8,,None
https://sashabd.com/turnstile-gate/full-height-turnstile-gate-for-factory-restricted-entry/,200,,,https://sashabd.com:4173/turnstile-gate/full-height-turnstile-gate-for-factory-restricted-entry/,200,https://sashabd.com/turnstile-gate/full-height-turnstile-gate-for-factory-restricted-entry/,"index, follow",,true,7,72,indexable,text/html; charset=utf-8,,None
https://sashabd.com/turnstile-gate/ds-q50s-tripod-turnstile-gate/,200,,,https://sashabd.com:4173/turnstile-gate/ds-q50s-tripod-turnstile-gate/,200,https://sashabd.com/turnstile-gate/ds-q50s-tripod-turnstile-gate/,"index, follow",,true,14,72,indexable,text/html; charset=utf-8,,None
https://sashabd.com/turnstile-gate/ds-q70-20-flap-barrier-turnstile/,200,,,https://sashabd.com:4173/turnstile-gate/ds-q70-20-flap-barrier-turnstile/,200,https://sashabd.com/turnstile-gate/ds-q70-20-flap-barrier-turnstile/,"index, follow",,true,14,72,indexable,text/html; charset=utf-8,,None
https://sashabd.com/digital-podium/premium-digital-podium-interactive-touch-display/,200,,,https://sashabd.com:4173/digital-podium/premium-digital-podium-interactive-touch-display/,200,https://sashabd.com/digital-podium/premium-digital-podium-interactive-touch-display/,"index, follow",,true,21,71,indexable,text/html; charset=utf-8,,None
https://sashabd.com/digital-podium/standard-digital-podium-built-in-pc-sound/,200,,,https://sashabd.com:4173/digital-podium/standard-digital-podium-built-in-pc-sound/,200,https://sashabd.com/digital-podium/standard-digital-podium-built-in-pc-sound/,"index, follow",,true,25,71,indexable,text/html; charset=utf-8,,None
https://sashabd.com/digital-podium/oem-digital-podium-multimedia-lectern/,200,,,https://sashabd.com:4173/digital-podium/oem-digital-podium-multimedia-lectern/,200,https://sashabd.com/digital-podium/oem-digital-podium-multimedia-lectern/,"index, follow",,true,23,71,indexable,text/html; charset=utf-8,,None
https://sashabd.com/digital-podium/auditorium-digital-podium-av-conference-integration/,200,,,https://sashabd.com:4173/digital-podium/auditorium-digital-podium-av-conference-integration/,200,https://sashabd.com/digital-podium/auditorium-digital-podium-av-conference-integration/,"index, follow",,true,15,71,indexable,text/html; charset=utf-8,,None
https://sashabd.com/digital-podium/tender-based-custom-digital-podium-boq-compliant/,200,,,https://sashabd.com:4173/digital-podium/tender-based-custom-digital-podium-boq-compliant/,200,https://sashabd.com/digital-podium/tender-based-custom-digital-podium-boq-compliant/,"index, follow",,true,15,71,indexable,text/html; charset=utf-8,,None
https://sashabd.com/interactive-flat-panel/lg-createboard-65in-4k-touch-classroom/,200,,,https://sashabd.com:4173/interactive-flat-panel/lg-createboard-65in-4k-touch-classroom/,200,https://sashabd.com/interactive-flat-panel/lg-createboard-65in-4k-touch-classroom/,"index, follow",,true,37,70,indexable,text/html; charset=utf-8,,None
https://sashabd.com/digital-podium/smart-classroom-digital-podium-projector-ifp-integration/,200,,,https://sashabd.com:4173/digital-podium/smart-classroom-digital-podium-projector-ifp-integration/,200,https://sashabd.com/digital-podium/smart-classroom-digital-podium-projector-ifp-integration/,"index, follow",,true,19,71,indexable,text/html; charset=utf-8,,None
https://sashabd.com/interactive-flat-panel/lg-createboard-75in-4k-smart-classroom/,200,,,https://sashabd.com:4173/interactive-flat-panel/lg-createboard-75in-4k-smart-classroom/,200,https://sashabd.com/interactive-flat-panel/lg-createboard-75in-4k-smart-classroom/,"index, follow",,true,41,70,indexable,text/html; charset=utf-8,,None
https://sashabd.com/interactive-flat-panel/lg-createboard-86in-4k-collaboration-display/,200,,,https://sashabd.com:4173/interactive-flat-panel/lg-createboard-86in-4k-collaboration-display/,200,https://sashabd.com/interactive-flat-panel/lg-createboard-86in-4k-collaboration-display/,"index, follow",,true,31,70,indexable,text/html; charset=utf-8,,None
https://sashabd.com/interactive-flat-panel/lg-ultra-110in-4k-flagship-interactive-panel/,200,,,https://sashabd.com:4173/interactive-flat-panel/lg-ultra-110in-4k-flagship-interactive-panel/,200,https://sashabd.com/interactive-flat-panel/lg-ultra-110in-4k-flagship-interactive-panel/,"index, follow",,true,11,70,indexable,text/html; charset=utf-8,,None
https://sashabd.com/interactive-flat-panel/lg-ultra-96in-4k-interactive-board/,200,,,https://sashabd.com:4173/interactive-flat-panel/lg-ultra-96in-4k-interactive-board/,200,https://sashabd.com/interactive-flat-panel/lg-ultra-96in-4k-interactive-board/,"index, follow",,true,23,70,indexable,text/html; charset=utf-8,,None
https://sashabd.com/interactive-flat-panel/samsung-flip-65in-4k-interactive-panel/,200,,,https://sashabd.com:4173/interactive-flat-panel/samsung-flip-65in-4k-interactive-panel/,200,https://sashabd.com/interactive-flat-panel/samsung-flip-65in-4k-interactive-panel/,"index, follow",,true,15,70,indexable,text/html; charset=utf-8,,None
https://sashabd.com/interactive-flat-panel/samsung-86in-4k-interactive-classroom-board/,200,,,https://sashabd.com:4173/interactive-flat-panel/samsung-86in-4k-interactive-classroom-board/,200,https://sashabd.com/interactive-flat-panel/samsung-86in-4k-interactive-classroom-board/,"index, follow",,true,15,70,indexable,text/html; charset=utf-8,,None
https://sashabd.com/interactive-flat-panel/samsung-flip-75in-4k-smart-teaching-display/,200,,,https://sashabd.com:4173/interactive-flat-panel/samsung-flip-75in-4k-smart-teaching-display/,200,https://sashabd.com/interactive-flat-panel/samsung-flip-75in-4k-smart-teaching-display/,"index, follow",,true,15,70,indexable,text/html; charset=utf-8,,None
https://sashabd.com/interactive-flat-panel/newline-65in-4k-android-interactive-panel/,200,,,https://sashabd.com:4173/interactive-flat-panel/newline-65in-4k-android-interactive-panel/,200,https://sashabd.com/interactive-flat-panel/newline-65in-4k-android-interactive-panel/,"index, follow",,true,15,70,indexable,text/html; charset=utf-8,,None
https://sashabd.com/interactive-flat-panel/newline-75in-4k-touch-smartboard/,200,,,https://sashabd.com:4173/interactive-flat-panel/newline-75in-4k-touch-smartboard/,200,https://sashabd.com/interactive-flat-panel/newline-75in-4k-touch-smartboard/,"index, follow",,true,15,70,indexable,text/html; charset=utf-8,,None
https://sashabd.com/interactive-flat-panel/iscreen-65in-4k-interactive-panel-android/,200,,,https://sashabd.com:4173/interactive-flat-panel/iscreen-65in-4k-interactive-panel-android/,200,https://sashabd.com/interactive-flat-panel/iscreen-65in-4k-interactive-panel-android/,"index, follow",,true,15,70,indexable,text/html; charset=utf-8,,None
https://sashabd.com/interactive-flat-panel/newline-86in-4k-collaboration-panel/,200,,,https://sashabd.com:4173/interactive-flat-panel/newline-86in-4k-collaboration-panel/,200,https://sashabd.com/interactive-flat-panel/newline-86in-4k-collaboration-panel/,"index, follow",,true,15,70,indexable,text/html; charset=utf-8,,None
https://sashabd.com/interactive-flat-panel/iscreen-86in-4k-interactive-board-ops-ready/,200,,,https://sashabd.com:4173/interactive-flat-panel/iscreen-86in-4k-interactive-board-ops-ready/,200,https://sashabd.com/interactive-flat-panel/iscreen-86in-4k-interactive-board-ops-ready/,"index, follow",,true,15,70,indexable,text/html; charset=utf-8,,None
https://sashabd.com/interactive-flat-panel/iscreen-75in-4k-smart-classroom-panel/,200,,,https://sashabd.com:4173/interactive-flat-panel/iscreen-75in-4k-smart-classroom-panel/,200,https://sashabd.com/interactive-flat-panel/iscreen-75in-4k-smart-classroom-panel/,"index, follow",,true,15,70,indexable,text/html; charset=utf-8,,None
https://sashabd.com/interactive-flat-panel/iboard-65in-4k-interactive-smart-panel/,200,,,https://sashabd.com:4173/interactive-flat-panel/iboard-65in-4k-interactive-smart-panel/,200,https://sashabd.com/interactive-flat-panel/iboard-65in-4k-interactive-smart-panel/,"index, follow",,true,19,70,indexable,text/html; charset=utf-8,,None
https://sashabd.com/interactive-flat-panel/iboard-75in-4k-interactive-teaching-board/,200,,,https://sashabd.com:4173/interactive-flat-panel/iboard-75in-4k-interactive-teaching-board/,200,https://sashabd.com/interactive-flat-panel/iboard-75in-4k-interactive-teaching-board/,"index, follow",,true,19,70,indexable,text/html; charset=utf-8,,None
https://sashabd.com/interactive-flat-panel/iboard-86in-4k-large-interactive-panel/,200,,,https://sashabd.com:4173/interactive-flat-panel/iboard-86in-4k-large-interactive-panel/,200,https://sashabd.com/interactive-flat-panel/iboard-86in-4k-large-interactive-panel/,"index, follow",,true,19,70,indexable,text/html; charset=utf-8,,None
https://sashabd.com/interactive-flat-panel/iboard-98in-4k-large-venue-interactive-panel/,200,,,https://sashabd.com:4173/interactive-flat-panel/iboard-98in-4k-large-venue-interactive-panel/,200,https://sashabd.com/interactive-flat-panel/iboard-98in-4k-large-venue-interactive-panel/,"index, follow",,true,11,70,indexable,text/html; charset=utf-8,,None
https://sashabd.com/blog/led-display-price-in-bangladesh-complete-buying-guide/,200,,,https://sashabd.com:4173/blog/led-display-price-in-bangladesh-complete-buying-guide/,200,https://sashabd.com/blog/led-display-price-in-bangladesh-complete-buying-guide/,"index, follow,index, follow, max-video-preview:-1, max-image-preview:large, max-snippet:-1",,true,6,58,indexable,text/html; charset=utf-8,,None
https://sashabd.com/blog/indoor-vs-outdoor-led-display-which-one-is-better/,200,,,https://sashabd.com:4173/blog/indoor-vs-outdoor-led-display-which-one-is-better/,200,https://sashabd.com/blog/indoor-vs-outdoor-led-display-which-one-is-better/,"index, follow,index, follow, max-video-preview:-1, max-image-preview:large, max-snippet:-1",,true,10,58,indexable,text/html; charset=utf-8,,None
https://sashabd.com/blog/led-display-installation-guide/,200,,,https://sashabd.com:4173/blog/led-display-installation-guide/,200,https://sashabd.com/blog/led-display-installation-guide/,"index, follow,index, follow, max-video-preview:-1, max-image-preview:large, max-snippet:-1",,true,2,58,indexable,text/html; charset=utf-8,,None
https://sashabd.com/blog/how-long-does-an-led-display-last/,200,,,https://sashabd.com:4173/blog/how-long-does-an-led-display-last/,200,https://sashabd.com/blog/how-long-does-an-led-display-last/,"index, follow,index, follow, max-video-preview:-1, max-image-preview:large, max-snippet:-1",,true,2,58,indexable,text/html; charset=utf-8,,None
https://sashabd.com/blog/led-display-accessories-brands-and-compatibility-notes/,200,,,https://sashabd.com:4173/blog/led-display-accessories-brands-and-compatibility-notes/,200,https://sashabd.com/blog/led-display-accessories-brands-and-compatibility-notes/,"index, follow,index, follow, max-video-preview:-1, max-image-preview:large, max-snippet:-1",,true,1,58,indexable,text/html; charset=utf-8,,None
https://sashabd.com/blog/led-display-pixel-pitch-explained/,200,,,https://sashabd.com:4173/blog/led-display-pixel-pitch-explained/,200,https://sashabd.com/blog/led-display-pixel-pitch-explained/,"index, follow,index, follow, max-video-preview:-1, max-image-preview:large, max-snippet:-1",,true,4,57,indexable,text/html; charset=utf-8,,None
https://sashabd.com/blog/outdoor-led-structure-and-power-safety-guide/,200,,,https://sashabd.com:4173/blog/outdoor-led-structure-and-power-safety-guide/,200,https://sashabd.com/blog/outdoor-led-structure-and-power-safety-guide/,"index, follow,index, follow, max-video-preview:-1, max-image-preview:large, max-snippet:-1",,true,2,58,indexable,text/html; charset=utf-8,,None
https://sashabd.com/blog/led-vs-lcd-video-wall/,200,,,https://sashabd.com:4173/blog/led-vs-lcd-video-wall/,200,https://sashabd.com/blog/led-vs-lcd-video-wall/,"index, follow,index, follow, max-video-preview:-1, max-image-preview:large, max-snippet:-1",,true,7,58,indexable,text/html; charset=utf-8,,None
https://sashabd.com/blog/common-led-display-mistakes-and-how-to-avoid-them/,200,,,https://sashabd.com:4173/blog/common-led-display-mistakes-and-how-to-avoid-them/,200,https://sashabd.com/blog/common-led-display-mistakes-and-how-to-avoid-them/,"index, follow,index, follow, max-video-preview:-1, max-image-preview:large, max-snippet:-1",,true,2,58,indexable,text/html; charset=utf-8,,None
https://sashabd.com/blog/future-of-led-display-technology/,200,,,https://sashabd.com:4173/blog/future-of-led-display-technology/,200,https://sashabd.com/blog/future-of-led-display-technology/,"index, follow,index, follow, max-video-preview:-1, max-image-preview:large, max-snippet:-1",,true,7,57,indexable,text/html; charset=utf-8,,None
https://sashabd.com/blog/led-billboard-advertising-guide/,200,,,https://sashabd.com:4173/blog/led-billboard-advertising-guide/,200,https://sashabd.com/blog/led-billboard-advertising-guide/,"index, follow,index, follow, max-video-preview:-1, max-image-preview:large, max-snippet:-1",,true,3,58,indexable,text/html; charset=utf-8,,None
https://sashabd.com/blog/best-corporate-office-led-video-wall/,200,,,https://sashabd.com:4173/blog/best-corporate-office-led-video-wall/,200,https://sashabd.com/blog/best-corporate-office-led-video-wall/,"index, follow,index, follow, max-video-preview:-1, max-image-preview:large, max-snippet:-1",,true,3,57,indexable,text/html; charset=utf-8,,None
https://sashabd.com/blog/p5-led-billboard-project-nasirabad-chattogram-nusaifa-trading/,200,,,https://sashabd.com:4173/blog/p5-led-billboard-project-nasirabad-chattogram-nusaifa-trading/,200,https://sashabd.com/blog/p5-led-billboard-project-nasirabad-chattogram-nusaifa-trading/,"index, follow,index, follow, max-video-preview:-1, max-image-preview:large, max-snippet:-1",,true,3,58,indexable,text/html; charset=utf-8,,None
